INSERT INTO address(id,street_No,pin_Code,state,country) values(101,'street101','123456','state101','country101');
INSERT INTO address(id,street_No,pin_Code,state,country) values(201,'street201','123456','state201','country201');
INSERT INTO address(id,street_No,pin_Code,state,country) values(301,'street301','123456','state301','country301');
INSERT INTO address(id,street_No,pin_Code,state,country) values(401,'street401','123456','state401','country401');
INSERT INTO address(id,street_No,pin_Code,state,country) values(501,'street501','123456','state501','country501');
INSERT INTO address(id,street_No,pin_Code,state,country) values(601,'street601','123456','state601','country601');
INSERT INTO address(id,street_No,pin_Code,state,country) values(701,'street701','123456','state701','country701');



INSERT INTO user_table(id,user_Name,passsword,email,name,phone_Number,address_id) values(101,'test101','123','test101@gmail.com','test101','0987654321',101);
INSERT INTO user_table(id,user_Name,passsword,email,name,phone_Number,address_id) values(201,'test201','123','test201@gmail.com','test201','0987654321',201);
INSERT INTO user_table(id,user_Name,passsword,email,name,phone_Number,address_id) values(301,'test301','123','test301@gmail.com','test301','0987654321',301);
INSERT INTO user_table(id,user_Name,passsword,email,name,phone_Number,address_id) values(401,'test401','123','test401@gmail.com','test401','0987654321',401);
INSERT INTO user_table(id,user_Name,passsword,email,name,phone_Number,address_id) values(501,'test501','123','test501@gmail.com','test501','0987654321',501);
INSERT INTO user_table(id,user_Name,passsword,email,name,phone_Number,address_id) values(601,'test601','123','test601@gmail.com','test601','0987654321',601);
INSERT INTO user_table(id,user_Name,passsword,email,name,phone_Number,address_id) values(701,'test701','123','test701@gmail.com','test701','0987654321',701);

INSERT INTO product(id,product_Name,price,rating,description) values(101,'product101','123','5','product 101');
INSERT INTO product(id,product_Name,price,rating,description) values(201,'product201','123','5','product 201');
INSERT INTO product(id,product_Name,price,rating,description) values(301,'product301','123','5','product 301');
INSERT INTO product(id,product_Name,price,rating,description) values(401,'product401','123','5','product 401');
INSERT INTO product(id,product_Name,price,rating,description) values(501,'product501','123','5','product 501');
INSERT INTO product(id,product_Name,price,rating,description) values(601,'product601','123','5','product 601');
INSERT INTO product(id,product_Name,price,rating,description) values(701,'product701','123','5','product 701');



INSERT INTO cart(id,user_id,product_id,quantity) values(101,101,101,1);
INSERT INTO cart(id,user_id,product_id,quantity) values(201,201,201,1);
INSERT INTO cart(id,user_id,product_id,quantity) values(301,301,301,1);
INSERT INTO cart(id,user_id,product_id,quantity) values(401,401,401,1);
INSERT INTO cart(id,user_id,product_id,quantity) values(501,501,501,1);
INSERT INTO cart(id,user_id,product_id,quantity) values(601,601,601,1);

INSERT INTO wish_list(id,user_id,product_id) values(101,101,101);
INSERT INTO wish_list(id,user_id,product_id) values(201,201,201);
INSERT INTO wish_list(id,user_id,product_id) values(301,301,301);
INSERT INTO wish_list(id,user_id,product_id) values(401,401,401);
INSERT INTO wish_list(id,user_id,product_id) values(501,501,501);
INSERT INTO wish_list(id,user_id,product_id) values(601,601,601);
INSERT INTO wish_list(id,user_id,product_id) values(701,701,701);